paper_id,title,research_type,contribution_type,evaluation_method
P0001,A Behavior-Based Ontology for Supporting Automated Assessment of Interactive Systems,Philosophical Papers,Model,Rigorous Analysis
P0002,A Behavior-Driven Approach to Intent Specification for Software-Defined Infrastructure Management,Philosophical Papers,Model,Discussion
P0003,A Conceptual Metamodel to Bridging Requirement Paerns to Test Paerns,Philosophical Papers,Model,Case Study
P0004,A Formal Ontology for Describing Interactive Behaviors and Supporting Automated Testing on User Interfaces,Philosophical Papers,Tool,Discussion
P0005,A Framework to Diminish the Gap between the Business Specialist and the Software Designer,Philosophical Papers,Model,Case Study
P0006,A model-driven approach for behavior-driven GUI testing,Validation Research,Tool,Case Study
P0007,Information and Software Technology,Experience Papers,Empirical Insights,Case Study
P0008,Total Downloads: 1482,Philosophical Papers,Process,Experience Report
P0009,A Requirement-based Regression Test Selection Technique in Behavior-Driven Development,Evaluation Research,Tool,Rigorous Analysis
P0010,A study of test techniques for integration with Domain Driven Design,Validation Research,Method,Case Study
P0011,A Study of the Characteristics of Behaviour Driven Development,Experience Papers,Process,Experiment
P0012,A user-centered behavioral software development model,Validation Research,Metric,Experience Report
P0013,A method for testing and validating executable statechart models,Validation Research,Metric,Discussion
P0014,A Semantic Wiki Approach to Enable Behaviour Driven Requirements Management,Philosophical Papers,Model,Experience Report
P0015,The Journal of Systems & Software,Evaluation Research,Process,Case Study
P0016,Agile Processes in Software Engineering and Extreme Programming,Experience Papers,Metric,Experience Report
P0017,An Industrial Case Study on Test Cases as Requirements,Experience Papers,Empirical Insights,Case Study
P0018,Analysing Requirements Communication Using Use Case Specification and User stories,Validation Research,Empirical Insights,Experience Report
P0019,Analysing Requirements Communication Using Use Case Specification and User stories,Validation Research,Metric,Discussion
P0020,Assessing Agile Testing Practices for Enterprise Systems: A Survey Approach,Validation Research,Empirical Insights,Rigorous Analysis
P0021,Assisted Behavior Driven Development Using Natural Language Processing,Solution Proposal,Tool,Example
P0022,Augmented System Verification Using Automated Testing,Solution Proposal,Metric,Discussion
P0023,Agile Processes in Software Engineering and Extreme Programming,Experience Papers,Metric,Experience Report
P0024,#.c World Scienti ̄c Publishing Company,Opinion Papers,Metric,Discussion
P0025,Automated Testing Framework Development based on Social Interaction and Communication Principles,Validation Research,Method,Case Study
P0026,Automatically Generating Tests from Natural Language Descriptions of Software Behavior,Solution Proposal,Tool,Experience Report
P0027,Automating test oracles from restricted natural language agile requirements,Solution Proposal,Method,Example
P0028,BHive: Towards Behaviour-Driven Development Supported by B-Method,Solution Proposal,Tool,Example
P0029,BHive: Behavior-Driven Development Meets B-Method,Solution Proposal,Tool,Example
P0030,BeSoS: A Tool for Behavior-driven and Scenario-based Requirements Modeling for Systems of Systems,Philosophical Papers,Model,Example
P0031,An agile testing methodology for multi-agent systems based on behaviour,Validation Research,Method,Case Study
P0032,Behave Nicely! Automatic Generation of Code for Behaviour Driven Development Test Suites,Solution Proposal,Empirical Insights,Example
P0033,Behavior Driven Development Approach in the Modern Quality Control Process,Opinion Papers,Method,Experiment
P0034,Behavior Driven Development for Circuit Design and Verification,Solution Proposal,Tool,Rigorous Analysis
P0035,Behavior Driven Development: Tools and Challenges,Validation Research,Method,Rigorous Analysis
P0036,Behavior Driven Testing in ALMA Telescope Calibration Software,Experience Papers,Empirical Insights,Experiment
P0037,Behavior-driven development benefits and challenges: reports from an industrial study,Opinion Papers,Method,Discussion
P0038,"Behavior-driven development as an approach to improve software quality and communication across remote business stakeholders, developers and QA: two case studies",Evaluation Research,Process,Experience Report
P0039,Behavior-Driven Development: A case study on its impacts on agile development teams,Evaluation Research,Process,Discussion
P0040,Behavior-Driven Development: An Expert Panel to evaluate benefits and challenges,Experience Papers,Empirical Insights,Experience Report
P0041,Behavior-driven Load Testing Using Contextual Knowledge - Approach and Experiences,Solution Proposal,Metric,Example
P0042,Behavior-Driven Requirements Traceability via Automated Acceptance Tests,Experience Papers,Metric,Experience Report
P0043,Behavior-driven Development for Real-time Embedded Systems,Validation Research,Process,Example
P0044,Behavior-driven development (BDD) Cucumber Katalon for Automation GUI testing case CURA and Swag Labs,Validation Research,Tool,Case Study
P0045,University of Southern Denmark,Evaluation Research,Process,Case Study
P0046,Behaviour Driven Development for Hardware Design,Solution Proposal,Method,Example
P0047,Behaviour Driven Development for Tests and Verification,Solution Proposal,Method,Discussion
P0048,Behaviour-Driven Development for Computer-Interpretable Clinical Guidelines,Opinion Papers,Empirical Insights,Discussion
P0049,Behaviour-Driven Development of Foundational UML Components,Philosophical Papers,Tool,Rigorous Analysis
P0050,Behaviour-Driven Formal Model Development,Validation Research,Model,Discussion
P0051,Behaviour-Driven Requirements Engineering for Agile Product Line Engineering,Validation Research,Process,Case Study
P0052,Bridging the Gap between Requirements Modeling and Behavior-driven Development,Validation Research,Method,Example
P0053,Agile Processes in Software Engineering and Extreme Programming,Opinion Papers,Process,Case Study
P0054,Combination of Test-Driven Development and Behavior-Driven Development for Improving Backend Testing Performance,Validation Research,Method,Experiment
P0055,Combining IID with BDD to Enhance the Critical Quality of Security Functional,Opinion Papers,Process,Discussion
P0056,Combining STPA and BDD for safety analysis and verification in agile development,Opinion Papers,Method,Discussion
P0057,Concurrent development and verification of an all-software baseband for satellite ground operations,Validation Research,Process,Discussion
P0058,Consistency Reflection for Automatic Update of Testing Environment,Opinion Papers,Tool,Rigorous Analysis
P0059,Continuous Security through Integration Testing in an Electronic Health Records System,Opinion Papers,Metric,Experiment
P0060,Information and Software Technology,Experience Papers,Empirical Insights,Experience Report
P0061,Detecting Duplicate Examples in Behaviour Driven Development Specifications,Solution Proposal,Tool,Example
P0062,Distributed Agile: Component-Based User Acceptance Testing,Validation Research,Method,Experiment
P0063,Efficient and Flexible Test Automation in Production Systems Engineering,Validation Research,Tool,Experiment
P0065,Enabling IoT Platform Interoperability Using a Systematic Development Approach by Example,Philosophical Papers,Process,Experience Report
P0066,Enhancing the Student Learning Experience by Adopting TDD and BDD in Course Projects,Experience Papers,Empirical Insights,Case Study
P0067,Ensuring the Consistency Between User Requirements and Graphical User Interfaces: A Behavior-Based Automated Approach,Philosophical Papers,Metric,Discussion
P0068,Jiri Matula(&) and Frantisek Hunka,Philosophical Papers,Method,Case Study
P0069,Evaluating the usage of predefined interactive behaviors for writing user stories: an empirical study with potential product owners,Philosophical Papers,Method,Experience Report
P0070,Editorial Policy for Ada User Journal,Opinion Papers,Model,Example
P0073,Generating Testing Codes for Behavior-Driven Development from Problem Diagrams: A Tool-Based Approach,Solution Proposal,Model,Experience Report
P0074,Generation of Behavior-Driven Development C++ Tests from Abstract State Machine Scenarios,Experience Papers,Tool,Example
P0075,Gherkin Syntax Extension for Parameterization of Network Switch Configurations in Test Specification,Validation Research,Model,Rigorous Analysis
P0076,Future Generation Computer Systems,Opinion Papers,Metric,Rigorous Analysis
P0077,Gabriel Oliveira Sabrina Marczak Cassiano Moralles,Opinion Papers,Process,Case Study
P0078,LNBIP 139 - Enterprise Information Systems of the Future,Validation Research,Process,Case Study
P0079,Improving Agile Software Development with Domain Ontologies,Philosophical Papers,Model,Case Study
P0080,"JOÃO PEDRO SANTOS, Federal University of Pernambuco, Recife, PE, Brazil THAÍS ROCHA, Federal University of Pernambuco, Recife, PE, Brazil PAULO BORBA, Federal University of Pernambuco, Recife, PE, Brazil",Evaluation Research,Method,Rigorous Analysis
P0081,Integrating Behavior Driven Development and Programming by Contract,Validation Research,Method,Case Study
P0082,Intuitive design: framing a software test system as a status reporting tool for business,Evaluation Research,Metric,Discussion
P0083,Information and Software Technology,Philosophical Papers,Model,Experiment
P0084,TARIQ M. KING GABRIEL NUNEZ DIONNY SANTIAGO ADAM CANDO CODY MACK,Experience Papers,Process,Rigorous Analysis
P0085,Legislation-driven development of a Gift Aid system using Event-B,Solution Proposal,Tool,Experience Report
P0086,Maintaining Behaviour Driven Development Specifications: Challenges and Opportunities,Opinion Papers,Empirical Insights,Rigorous Analysis
P0087,#.c World Scienti ̄c Publishing Company,Opinion Papers,Metric,Discussion
P0088,On the applicability of BDD in a Business Intelligence project: experience report,Evaluation Research,Metric,Discussion
P0089,On the Empirical Evaluation of BDD Scenarios Quality: Preliminary Findings of an Empirical Study,Evaluation Research,Metric,Case Study
P0090,On the Understanding of BDD Scenarios' Quality: Preliminary Practitioners' Opinions,Opinion Papers,Metric,Experience Report
P0091,RESEARCH ARTICLE | JULY 10 2018,Solution Proposal,Tool,Experience Report
P0092,Orchestration of Domain Specific Test Languages with a Behavior Driven Development approach,Validation Research,Method,Experiment
P0093,Electronic Communications of the EASST,Solution Proposal,Tool,Discussion
P0094,Predicting Co-Changes between Functionality Specifications and Source Code in Behavior Driven Development,Experience Papers,Empirical Insights,Experience Report
P0095,Proposing Regulatory-Driven Automated Test Suites for Electronic Health Record Systems,Philosophical Papers,Empirical Insights,Experiment
P0096,Proposing Regulatory-Driven Automated Test Suites,Validation Research,Empirical Insights,Experiment
P0097,RESEARCH ARTICLE | NOVEMBER 30 2018,Philosophical Papers,Process,Case Study
P0098,Reproducing failures based on semiformal failure scenario descriptions,Evaluation Research,Metric,Rigorous Analysis
P0099,SS-BDD: Automated Acceptance Testing for Spreadsheets,Solution Proposal,Tool,Example
P0100,Scenario-Based Microservice Retrieval Using Word2Vec,Philosophical Papers,Tool,Rigorous Analysis
P0101,Scenarios in the loop: integrated requirements analysis and automotive system validation,Experience Papers,Process,Discussion
P0102,"ScrumOntoBDD: Agile software development based on scrum, ontologies and behaviour-driven development",Philosophical Papers,Process,Case Study
P0103,Security and Privacy Behavior Definition for Behavior Driven Development,Experience Papers,Method,Example
P0104,Skyfire: Model-Based Testing With Cucumber,Validation Research,Tool,Rigorous Analysis
P0105,Speed up BDD for safety verification in agile development: a partially replicated controlled experiment,Solution Proposal,Metric,Rigorous Analysis
P0106,Information and Software Technology,Evaluation Research,Empirical Insights,Case Study
P0107,Ahmet Furkan Oruç and Tolga Ovatman,Validation Research,Metric,Example
P0108,Testing Prototypes and Final User Interfaces Through an Ontological Perspective for Behavior-Driven Development,Philosophical Papers,Process,Experience Report
P0109,The Behavior Driven Development Applied to the Software Quality Test:,Evaluation Research,Metric,Case Study
P0110,The implementation of ATDD and BDD from Testing Perspectives,Validation Research,Method,Case Study
P0111,Toward A Service Platform for Developing Smart Contracts on Blockchain in BDD and TDD styles,Philosophical Papers,Empirical Insights,Discussion
P0112,21st Annual Conference of the European Association for Machine Translation,Opinion Papers,Tool,Experience Report
P0113,Towards Automatic Scenario Generation from Coverage Information,Solution Proposal,Method,Example
P0114,Towards Behavior-Driven Graphical User Interface Testing,Validation Research,Empirical Insights,Rigorous Analysis
P0115,Towards a behavior-oriented specification and testing language for multimodal applications,Solution Proposal,Tool,Discussion
P0116,"MUHAMMAD NOUMAN ZAFAR, Mälardalen University, Vasteras, Västmanland, Sweden WASIF AFZAL, Mälardalen University, Vasteras, Västmanland, Sweden EDUARD PAUL ENOIU, Mälardalen University, Vasteras, Västmanland, Sweden",Philosophical Papers,Model,Rigorous Analysis
P0117,Towards Accountability Driven Development for Machine Learning Systems,Solution Proposal,Method,Experience Report
P0118,TOWARDS BEHAVIOR DRIVEN OPERATIONS (BDOps),Evaluation Research,Process,Example
P0119,Transition towards Continuous Delivery in the Healthcare Domain,Opinion Papers,Tool,Discussion
P0120,specifications wrien in concordia,Validation Research,Tool,Experience Report
P0121,Using BDD and SBVR to refine business goals into an Event-B model: a research idea,Philosophical Papers,Model,Case Study
P0122,Using Behaviour-driven Requirements Engineering for Establishing and Managing Agile Product Lines,Philosophical Papers,Method,Case Study
P0123,Using gherkin to extract tests and monitors for safer medical device interaction design,Evaluation Research,Empirical Insights,Discussion
P0124,The Journal of Systems and Software,Opinion Papers,Tool,Rigorous Analysis
P0125,Using Behaviour-Driven Development with Hardware-Software Co-Design for Autonomous Load Management,Validation Research,Model,Example
P0126,Using Executable Specification and Regression Testing for Broadcast Mechanism of Visual Programming Language on Smartphones,Solution Proposal,Tool,Experiment
